age,income,activity_score,debt_ratio,tenure_months,support_calls,target
26,83691.42,87.59,0.425,21,2,0
18,61103.59,50.83,0.396,5,0,0
18,25529.74,34.72,0.727,3,4,0
46,33784.85,72.58,0.174,24,4,0
59,39568.06,41.39,0.04,29,6,0
18,59775.85,58.5,0.301,1,0,0
30,77041.1,63.74,0.42,25,2,0
26,75700.01,71.21,0.498,27,3,0
18,47466.22,57.76,0.464,8,0,0
18,63144.56,35.79,0.495,21,1,0
23,56920.75,59.65,0.527,15,4,0
18,61366.51,42.9,0.537,13,2,0
20,78839.35,51.31,0.429,18,0,0
40,28230.27,34.64,0.181,16,4,0
34,80490.08,62.42,0.413,28,3,0
67,29697.07,54.29,0.071,45,7,0
25,76468.93,65.15,0.457,26,1,0
43,43803.65,61.46,0.104,13,3,0
38,70668.95,34.18,0.391,44,3,1
18,53865.79,73.47,0.605,16,3,0
33,35172.49,68.63,0.285,34,1,0
28,81926.3,38.31,0.295,17,0,0
41,10000.0,42.49,0.317,60,2,1
24,72253.6,40.55,0.371,21,0,0
39,48743.64,64.81,0.156,8,3,0
63,56169.47,36.35,0.01,45,3,0
26,84381.34,49.42,0.322,16,0,0
75,44611.33,46.85,0.068,93,9,1
74,33897.59,50.19,0.013,61,7,0
25,85193.83,68.07,0.49,27,2,0
23,74317.62,17.05,0.357,15,0,0
48,37250.4,57.15,0.167,46,2,0
18,58602.81,45.97,0.591,11,4,0
23,81423.64,36.36,0.455,19,1,0
37,41260.77,59.91,0.522,63,4,1
68,80705.18,43.96,0.081,55,6,1
75,76063.8,69.78,0.01,75,11,1
18,47007.33,29.0,0.369,1,0,0
24,10000.0,78.61,0.514,52,1,1
26,34995.73,38.05,0.692,58,4,1
46,61037.23,57.13,0.364,55,4,1
29,53812.72,48.71,0.237,12,1,0
18,65186.14,83.13,0.611,7,1,1
19,65492.62,94.64,0.547,24,2,0
18,45257.21,36.86,0.308,5,0,0
18,56086.68,62.21,0.421,12,0,0
75,48002.97,43.56,0.01,97,10,1
27,75756.04,55.82,0.419,23,2,0
18,36776.53,58.29,0.712,22,1,1
30,12945.56,50.82,0.434,52,1,1
18,75700.91,27.04,0.546,1,2,1
20,46405.93,24.06,0.28,1,2,0
57,76044.97,39.06,0.202,47,5,1
37,41918.1,31.37,0.111,1,3,0
45,34377.17,60.45,0.196,37,3,0
18,50922.88,56.97,0.215,1,0,0
21,60625.97,27.48,0.489,13,3,0
23,67303.9,47.97,0.374,13,1,0
70,29397.17,53.65,0.062,61,7,0
58,49616.41,57.98,0.11,50,4,0
20,34267.0,54.43,0.492,21,2,1
50,40813.89,62.24,0.164,33,4,0
50,30178.25,52.75,0.105,24,5,0
18,54000.67,47.25,0.562,14,2,0
74,28230.64,41.26,0.09,64,8,0
18,50157.59,39.79,0.489,1,0,0
39,29753.81,61.14,0.337,62,1,0
18,101186.07,21.99,0.504,1,2,1
32,37888.55,49.87,0.267,16,2,0
64,72435.43,42.95,0.181,56,6,1
23,58523.75,67.73,0.577,14,5,0
28,71426.52,49.52,0.521,25,4,0
21,67607.52,43.9,0.505,18,2,0
25,86932.3,74.63,0.554,26,3,0
20,62786.48,60.09,0.554,20,3,0
42,42326.33,68.63,0.204,40,1,0
31,99443.85,75.59,0.482,30,3,1
37,35991.52,42.37,0.173,5,3,0
25,50600.12,25.8,0.444,13,3,1
18,66267.16,42.55,0.525,19,2,0
23,27640.26,20.83,0.384,16,2,0
18,42565.71,53.44,0.441,1,0,0
31,66416.96,31.84,0.419,6,6,1
75,72544.08,26.25,0.028,68,7,1
29,45572.24,57.74,0.23,9,1,0
18,20666.69,53.63,0.474,30,0,1
18,53261.02,28.22,0.46,9,1,0
25,75745.18,55.37,0.423,24,1,0
67,48363.42,71.23,0.275,72,8,1
18,46036.53,53.24,0.399,9,0,0
20,43461.34,81.01,0.217,1,0,0
27,43474.0,69.33,0.27,10,1,0
75,78184.12,45.06,0.09,53,10,1
75,14259.96,55.3,0.032,64,9,0
75,47004.33,64.28,0.089,93,6,1
18,10000.0,60.62,0.658,53,1,1
21,65395.74,75.59,0.524,15,3,0
18,24206.42,26.31,0.521,32,0,1
30,38039.47,56.77,0.31,24,1,0
18,55599.11,66.36,0.42,13,0,0
18,59526.21,24.39,0.571,1,0,1
18,53886.38,38.53,0.436,9,0,0
27,70340.95,54.9,0.398,17,2,0
65,93515.62,35.79,0.165,30,9,1
30,29587.03,53.91,0.328,30,1,0
21,47975.48,47.03,0.28,11,0,0
18,36525.51,62.3,0.399,13,0,1
24,58818.57,59.58,0.222,1,0,0
19,64355.35,59.88,0.612,16,4,0
40,32698.71,79.97,0.383,37,5,1
53,63226.5,42.9,0.285,60,4,1
18,34480.88,75.63,0.407,1,0,1
24,59130.59,43.4,0.428,12,3,0
49,28790.59,57.13,0.159,25,5,0
18,43826.6,48.32,0.719,11,5,0
47,27022.23,76.75,0.252,43,4,0
18,53483.18,41.6,0.281,1,0,0
37,55505.63,38.79,0.373,6,7,1
21,53188.98,48.92,0.325,24,0,0
18,51981.24,50.41,0.497,12,2,0
